frame,x_table,y_table
68,1.2780535,1.2211465
86,0.37577766,1.160784
103,0.5089621,2.2786493
116,1.3176526,2.3497102
156,0.001190552,1.3649545
195,1.2472806,1.0566102
